<?xml version="1.0" encoding="UTF-8"?>
<project-private xmlns="http://www.netbeans.org/ns/project-private/1">
    <editor-bookmarks xmlns="http://www.netbeans.org/ns/editor-bookmarks/2" lastBookmarkId="0"/>
    <open-files xmlns="http://www.netbeans.org/ns/projectui-open-files/2">
        <group>
            <file>file:/C:/Users/JAMIE.M1/OneDrive%20-%20Curro%20Holdings/Documents/NetBeansProjects/Jamie_Payroll/src/jamie_payroll_solution2/calculations.java</file>
            <file>file:/C:/Users/JAMIE.M1/OneDrive%20-%20Curro%20Holdings/Documents/NetBeansProjects/Jamie_Payroll/test/jamie_payroll_solution2/calculationsTest.java</file>
            <file>file:/C:/Users/JAMIE.M1/OneDrive%20-%20Curro%20Holdings/Documents/NetBeansProjects/Jamie_Payroll/src/jamie_payroll_solution2/main.java</file>
        </group>
    </open-files>
</project-private>
